park,report_date,dominant_colour,colour_change_pct,leaf_fall_pct
Arrowhead,2026-09-29,Orange,80.0,10.0
Bon Echo,2026-09-29,Yellow/Orange,50.0,20.0
Bonnechere,2026-09-29,Red/Orange,60.0,10.0
Chutes,2026-09-28,Red,30.0,10.0
Driftwood,2026-09-28,Green,30.0,0.0
Kakabeka Falls,2026-09-23,Green,20.0,10.0
Killarney,2026-09-26,Green,20.0,0.0
Killbear,2026-09-25,Green,20.0,0.0
Komoka,2026-09-25,Green,10.0,10.0
Lake St. Peter,2026-09-28,Red/Orange,60.0,10.0
Lake Superior - North,2026-09-23,Yellow/Orange,70.0,0.0
Lake Superior - South,2026-09-25,Green,40.0,0.0
Mark S. Burnham,2026-09-24,Green,10.0,0.0
Mikisew,2026-09-28,Yellow/Orange,70.0,10.0
Oxtongue River-Ragged Falls,2026-09-29,Orange,90.0,10.0
Pancake Bay,2026-09-25,Green,30.0,10.0
Petroglyphs,2026-09-24,Green,10.0,0.0
Pigeon River,2026-09-23,Green,20.0,10.0
Restoule,2026-09-29,Yellow/Orange,50.0,10.0
Rideau River,2026-09-24,Green,10.0,0.0
Sandbanks,2026-09-27,Green,20.0,0.0
Sauble Falls,2026-09-28,Yellow/Orange,50.0,20.0
Sharbot Lake,2026-09-23,Green,20.0,10.0
Silver Lake,2026-09-23,Green,20.0,20.0
Sleeping Giant,2026-09-26,Green,30.0,10.0
The Massasauga,2026-09-28,Orange,30.0,0.0
Turkey Point,2026-09-24,Green,10.0,30.0
Voyageur,2026-09-25,Green,20.0,0.0
Quetico,2026-09-25,Green,50.0,20.0
Rainbow Falls,2026-09-29,Yellow/Orange,50.0,10.0
Rondeau,2026-09-29,Green,10.0,10.0
Sibbald Point,2026-09-24,Green,20.0,20.0
Algonquin,2026-09-29,Red/Orange,90.0,10.0
Awenda,2026-09-28,Green,20.0,0.0
Charleston Lake,2026-09-28,Green,30.0,10.0
Darlington,2026-09-24,Green,10.0,10.0
Earl Rowe,2026-09-28,Green,30.0,10.0
Finlayson Point,2026-09-28,Green,20.0,10.0
Fitzroy,2026-09-28,Green,20.0,0.0
Forks of the Credit,2026-09-28,Green,40.0,10.0
French River,2026-09-27,Green,20.0,0.0
Frontenac,2026-09-29,Yellow,40.0,20.0
Grundy Lake,2026-09-27,Green,30.0,30.0
Inverhuron,2026-09-29,Green,20.0,10.0
Kap-Kig-Iwan,2026-09-29,Yellow,30.0,10.0
Long Point,2026-09-21,Green,10.0,10.0
Marten River,2026-09-27,Red/Orange,30.0,10.0
McRae Point,2026-09-28,Yellow,20.0,10.0
Mono Cliffs,2026-09-28,Green,30.0,10.0
Neys,2026-09-28,Green,40.0,10.0
Oastler Lake,2026-09-28,Green,20.0,0.0
Restoule,2026-09-30,Red/Orange,70.0,10.0
Samuel de Champlain,2026-09-28,Yellow/Orange,50.0,10.0
Sturgeon Bay,2026-09-27,Green,20.0,10.0
The Massasauga,2026-09-30,Orange,40.0,0.0
Wasaga Beach,2026-09-25,Green,20.0,0.0
Algonquin,2026-10-02,Red/Orange,90.0,20.0
Arrowhead,2026-10-01,Orange,90.0,20.0
Awenda,2026-10-02,Green,30.0,10.0
Balsam Lake,2026-09-29,Yellow/Orange,50.0,20.0
Bass Lake,2026-09-29,Green,10.0,10.0
Batchawana Bay,2026-09-27,Yellow,30.0,20.0
Bon Echo,2026-10-01,Yellow/Orange,50.0,30.0
Bonnechere,2026-09-30,Red/Orange,40.0,20.0
Bronte Creek,2026-09-29,Yellow,40.0,20.0
Caliper Lake,2026-09-26,Yellow,50.0,20.0
Charleston Lake,2026-10-02,Yellow/Orange,50.0,20.0
Chutes,2026-10-01,Red,60.0,10.0
Darlington,2026-10-02,Green,20.0,10.0
Driftwood,2026-09-30,Yellow/Orange,50.0,10.0
Earl Rowe,2026-10-02,Yellow,30.0,10.0
Finlayson Point,2026-10-02,Yellow/Orange,50.0,10.0
Fitzroy,2026-10-02,Green,40.0,0.0
Forks of the Credit,2026-10-02,Yellow,60.0,10.0
French River,2026-10-01,Green,30.0,10.0
Frontenac,2026-10-02,Yellow/Orange,50.0,30.0
Grundy Lake,2026-10-01,Yellow,50.0,40.0
Inverhuron,2026-10-01,Green,30.0,20.0
Kakabeka Falls,2026-10-01,Yellow,40.0,20.0
Kap-Kig-Iwan,2026-10-01,Yellow,40.0,20.0
Kettle Lakes,2026-09-22,Green,30.0,20.0
Killarney,2026-10-01,Green,30.0,0.0
Killbear,2026-09-30,Green,30.0,10.0
Komoka,2026-10-01,Green,20.0,30.0
Lake St. Peter,2026-09-30,Yellow/Orange,70.0,10.0
Lake Superior - North,2026-10-01,Red/Orange,80.0,0.0
Lake Superior - South,2026-10-01,Yellow/Orange,60.0,10.0
Long Point,2026-10-02,Green,20.0,10.0
MacGregor Point,2026-09-28,Orange,40.0,20.0
Mark S. Burnham,2026-09-30,Green,40.0,10.0
Marten River,2026-10-02,Red/Orange,50.0,10.0
McRae Point,2026-10-02,Yellow,40.0,20.0
Mikisew,2026-09-30,Red/Orange,80.0,10.0
Mono Cliffs,2026-10-02,Yellow,60.0,10.0
Murphys Point,2026-09-28,Green,30.0,10.0
Neys,2026-10-02,Yellow,60.0,20.0
Oastler Lake,2026-10-02,Orange,40.0,10.0
Oxtongue River-Ragged Falls,2026-10-01,Orange,90.0,20.0
Pancake Bay,2026-10-01,Yellow/Orange,50.0,20.0
Petroglyphs,2026-09-30,Yellow,70.0,10.0
Pigeon River,2026-10-01,Yellow,40.0,20.0
Pinery,2026-09-28,Green,0.0,0.0
Point Farms,2026-09-25,Green,20.0,10.0
Port Burwell,2026-09-24,Green,0.0,0.0
Presqu'ile,2026-09-29,Green,30.0,0.0
Quetico,2026-10-01,Green,60.0,30.0
Rainbow Falls,2026-10-01,Yellow/Orange,50.0,20.0
Restoule,2026-10-02,Red/Orange,80.0,30.0
Rideau River,2026-10-01,Yellow/Orange,20.0,10.0
Rondeau,2026-10-01,Green,20.0,10.0
Rushing River,2026-09-26,Yellow,50.0,20.0
Samuel de Champlain,2026-10-01,Yellow/Orange,60.0,20.0
Sandbanks,2026-10-01,Green,30.0,10.0
Sauble Falls,2026-10-01,Yellow/Orange,70.0,30.0
Sharbot Lake,2026-09-30,Green,30.0,20.0
Sibbald Point,2026-10-01,Green,40.0,20.0
Silent Lake,2026-09-29,Yellow,70.0,10.0
Silver Lake,2026-09-30,Green,30.0,30.0
Sioux Narrows,2026-09-28,Yellow,40.0,20.0
Sleeping Giant,2026-09-30,Green,40.0,10.0
Sturgeon Bay,2026-10-01,Green,30.0,20.0
The Massasauga,2026-10-02,Orange,50.0,10.0
Turkey Point,2026-10-01,Green,20.0,30.0
Voyageur,2026-10-01,Yellow/Orange,60.0,10.0
Wasaga Beach,2026-10-01,Green,30.0,10.0
Wheatley,2026-09-29,Green,10.0,0.0
